personnelID,firstName,lastName,dateOfBirth,enlistmentDate,status,rankID,unitID
101,John,Hunt,1981-07-16,2012-11-21,Reserve,6,205
102,Lisa,Middleton,1997-01-23,2021-05-21,Retired,6,204
103,Renee,Spears,1986-03-28,2017-07-25,Reserve,8,203
104,Brett,Moses,1984-03-02,2022-01-08,Active,1,207
105,Rita,Mcdaniel,1991-01-10,2022-07-31,Retired,6,212
106,Michele,Underwood,1986-04-03,2025-02-23,Retired,7,214
107,Tonya,Bryan,1982-03-28,2015-06-15,Active,7,206
108,Eric,Miller,1998-06-29,2022-03-19,Reserve,1,217
109,Brittney,Richardson,1997-12-10,2012-07-29,Retired,1,208
110,Jessica,Young,2002-06-08,2021-07-22,Retired,4,217
111,Matthew,Smith,1986-06-18,2024-01-18,Active,2,205
112,Jessica,Reed,1986-04-10,2024-03-01,Active,10,210
113,Hannah,Wilson,2003-04-20,2016-04-04,Reserve,6,210
114,Richard,Richardson,1994-11-09,2021-02-24,Reserve,2,218
115,Courtney,Swanson,1996-10-15,2014-05-19,Active,5,206
116,Charles,Sharp,1984-07-07,2024-07-14,Reserve,10,211
117,Heather,Williams,1983-12-26,2017-12-30,Reserve,9,216
118,Amy,Lam,1980-03-16,2024-06-08,Active,2,217
119,Amy,Robinson,1991-03-10,2011-08-14,Retired,7,220
120,Thomas,Tran,1990-09-17,2016-06-28,Reserve,7,211
121,Mercedes,Smith,1993-05-19,2018-03-13,Active,7,211
122,Vanessa,King,1994-05-22,2022-11-03,Retired,3,201
123,Patrick,Johnson,1988-10-27,2017-03-27,Active,6,202
124,Christine,Ford,1980-06-23,2024-03-08,Retired,3,220
125,Elizabeth,Owen,2002-08-27,2020-01-07,Active,1,213
126,Kathleen,Cobb,1989-03-13,2022-05-11,Retired,3,217
127,Adrienne,Davis,1989-02-26,2016-12-16,Retired,10,208
128,John,Phillips,1999-01-27,2021-10-14,Retired,6,209
129,George,Johnson,1990-01-20,2015-08-29,Reserve,8,216
130,Lindsay,Nelson,1990-11-01,2020-08-29,Active,9,212
131,Michael,Davis,1994-10-07,2012-07-10,Active,7,216
132,Brandon,Williams,1983-05-19,2024-04-15,Retired,3,216
133,Cindy,Campos,1997-03-20,2024-09-16,Active,9,202
134,Raymond,Gutierrez,1983-02-13,2021-08-02,Active,5,211
135,Julie,Turner,1999-08-05,2019-06-03,Reserve,1,211
136,Brenda,Patterson,1994-01-05,2017-04-05,Retired,8,214
137,Douglas,Bell,1992-01-03,2022-07-06,Retired,9,215
138,Robert,Khan,1999-12-24,2011-03-29,Reserve,9,210
139,Patrick,Jacobson,2002-06-21,2012-01-18,Retired,4,209
140,Kimberly,Nelson,1994-02-13,2023-04-11,Retired,4,212
141,Caitlyn,Little,1981-01-20,2010-06-15,Active,10,219
142,Jessica,Brown,1997-10-26,2019-08-08,Retired,7,205
143,Michael,Hawkins,2005-05-04,2019-08-23,Retired,1,220
144,Alexis,Morales,1979-06-22,2022-10-12,Retired,1,206
145,Michele,Herrera,2000-01-05,2016-11-29,Retired,8,209
146,Angela,Butler,1983-11-03,2021-12-22,Active,10,201
147,Geoffrey,Mora,1998-03-18,2025-02-03,Retired,10,219
148,Justin,Jackson,1981-10-18,2022-04-19,Active,9,204
149,Sierra,Murphy,1989-01-27,2023-05-13,Reserve,1,206
150,Joseph,Trujillo,1998-12-12,2023-03-16,Retired,9,212
151,Lisa,Rodriguez,2003-11-21,2021-03-23,Active,9,204
152,Krystal,Huang,2002-12-02,2017-09-10,Retired,9,201
153,Richard,Collins,1994-05-14,2022-07-02,Retired,2,205
154,Tina,Holmes,2004-10-22,2018-05-23,Reserve,4,211
155,Todd,Montes,1988-09-18,2019-03-26,Retired,5,209
156,Karen,Decker,1987-02-13,2012-02-17,Retired,8,204
157,Ryan,Mata,1994-06-22,2024-12-22,Retired,6,217
158,Elizabeth,Mclaughlin,2001-10-02,2014-10-18,Reserve,9,207
159,Christopher,Cline,2004-11-18,2019-06-13,Active,10,203
160,Randy,Chen,2000-04-23,2019-08-20,Retired,4,204
161,Ashley,Burgess,1983-01-31,2014-10-18,Reserve,1,206
162,Anna,Griffin,1992-07-06,2017-07-28,Active,4,209
163,Chelsea,Reyes,1998-05-19,2024-04-13,Reserve,7,202
164,Scott,Sanchez,1995-04-05,2017-04-23,Retired,3,215
165,Andres,Hammond,1984-03-28,2019-09-05,Retired,10,203
166,Emma,Sullivan,1991-12-07,2021-09-18,Retired,2,209
167,Thomas,Montoya,1989-03-24,2021-08-01,Reserve,6,219
168,Shane,Lee,1998-04-10,2010-12-09,Reserve,2,219
169,Summer,Moore,1983-10-22,2019-07-18,Active,10,206
170,Nicholas,Barr,1980-08-30,2021-04-01,Retired,9,204
171,Sally,Mcdonald,1981-11-13,2010-12-09,Reserve,8,209
172,Connie,Cain,1982-10-20,2015-05-21,Active,5,214
173,Michelle,Sims,1984-05-22,2025-03-30,Active,10,206
174,Chad,Carpenter,1984-12-30,2020-11-29,Active,3,201
175,Mark,Flynn,1989-09-30,2023-09-23,Reserve,4,207
176,Richard,Kent,2001-08-03,2012-05-02,Active,1,205
177,Christopher,Weaver,2000-09-13,2013-06-05,Retired,2,201
178,Rebecca,Williams,1986-01-17,2014-01-09,Reserve,2,212
179,Brenda,Snow,2003-03-20,2012-11-07,Active,1,216
180,Monica,Ross,1991-12-13,2018-07-31,Retired,8,205
181,Michael,Huang,1987-08-14,2016-03-03,Retired,8,217
182,Jack,Martin,1998-10-25,2017-01-19,Retired,4,205
183,Amanda,Bryan,1992-07-29,2023-10-10,Retired,8,219
184,Sean,Nguyen,1991-08-07,2013-06-30,Retired,2,210
185,David,Chan,1988-05-04,2012-02-16,Reserve,9,220
186,Suzanne,Merritt,1993-03-10,2010-09-20,Active,1,214
187,Steven,Wright,1983-09-13,2018-07-07,Retired,8,220
188,Sara,Herrera,1987-07-09,2020-02-10,Retired,3,213
189,Victor,Jones,1990-03-25,2022-01-11,Retired,10,215
190,James,Carr,1998-12-31,2017-06-03,Active,4,210
191,Cindy,Taylor,2000-10-20,2016-10-07,Active,2,219
192,Justin,Young,2003-02-12,2023-10-28,Retired,1,208
193,Gabriel,Williams,1990-03-18,2020-05-29,Reserve,5,205
194,Toni,Potter,1980-01-10,2014-03-20,Retired,2,210
195,Elizabeth,Roberts,1994-03-20,2015-01-15,Retired,7,212
196,Jeffrey,Hudson,2004-12-08,2016-01-24,Reserve,8,213
197,Cindy,Robertson,2001-09-21,2020-06-03,Retired,8,219
198,Larry,Stevenson,1985-09-14,2022-01-24,Active,8,206
199,Lisa,Bryant,1992-09-30,2016-01-19,Retired,4,220
200,Brenda,Smith,1980-06-09,2021-08-27,Active,2,215
201,Amber,White,1987-10-03,2017-11-17,Reserve,9,203
202,Dennis,Spence,1990-01-08,2020-09-17,Active,2,217
203,Anthony,Ashley,1993-09-11,2022-04-12,Retired,10,212
204,Robert,Caldwell,1987-06-21,2013-07-30,Retired,2,205
205,Dana,Wilson,2002-04-29,2013-08-11,Active,8,206
206,Aaron,Blair,1980-02-25,2010-10-15,Retired,3,208
207,Matthew,Rivera,1995-05-24,2016-03-08,Retired,9,203
208,Cynthia,Martinez,1998-03-21,2010-08-26,Retired,10,215
209,Kenneth,Edwards,1988-10-21,2013-03-16,Active,1,218
210,Sonia,Ritter,1989-06-05,2011-06-26,Retired,6,203
211,Anita,Murphy,1999-12-18,2024-04-13,Reserve,2,217
212,Brittney,Benson,1980-11-07,2021-07-13,Retired,3,210
213,Natasha,Buck,2000-01-28,2021-09-14,Reserve,6,204
214,Bradley,Conrad,1995-03-22,2020-10-31,Active,1,201
215,Alexander,Montgomery,1981-05-13,2020-09-20,Retired,3,214
216,Norman,Hill,1981-08-21,2017-12-19,Active,5,218
217,Mikayla,Scott,2004-07-13,2014-07-16,Active,5,206
218,Barbara,Phillips,2001-01-07,2014-05-28,Active,3,211
219,Dylan,Baker,1997-10-22,2025-01-20,Retired,3,208
220,Sabrina,David,2003-06-21,2011-12-18,Retired,3,201
221,Joshua,Wilson,1984-10-18,2014-09-14,Active,10,215
222,Ashley,Howell,2004-09-10,2012-08-07,Reserve,6,210
223,Mitchell,Hayden,2002-08-24,2023-02-19,Active,10,211
224,Timothy,Lopez,1989-07-06,2016-07-03,Reserve,9,204
225,Nathan,Norris,1985-04-29,2021-08-29,Retired,3,217
226,Benjamin,Butler,1992-05-13,2017-07-19,Active,1,201
227,Heather,Henson,1999-06-10,2012-08-18,Retired,7,215
228,Eric,Chavez,2005-02-16,2018-05-07,Retired,2,205
229,Sarah,Willis,1981-01-30,2010-07-15,Reserve,1,207
230,Peter,Rivera,1986-06-29,2024-08-17,Active,4,202
231,Anthony,Ponce,2004-06-15,2014-01-02,Retired,10,207
232,Julia,May,1983-04-15,2019-04-17,Active,7,207
233,Christina,Davis,1994-12-02,2011-01-13,Retired,8,215
234,Tracey,Schmidt,1989-02-22,2023-02-27,Reserve,3,204
235,Jasmine,Webb,1996-06-03,2010-08-14,Retired,7,215
236,Adrian,Tapia,1991-06-02,2010-09-05,Reserve,4,208
237,Timothy,White,1983-03-31,2012-04-27,Active,8,203
238,Natasha,Delgado,1989-06-01,2014-08-07,Active,2,205
239,Charles,Murray,1991-05-09,2020-03-22,Retired,1,211
240,Rita,Larson,1984-01-31,2010-12-12,Retired,7,201
241,Kimberly,Graham,1987-01-31,2011-03-28,Active,1,220
242,Daniel,Rowland,1997-10-10,2020-04-14,Retired,3,212
243,Harold,Armstrong,1986-03-18,2019-03-11,Active,3,210
244,Ronald,Bennett,1984-09-15,2022-11-25,Retired,4,220
245,Jacob,Wagner,1999-02-07,2021-06-26,Active,10,213
246,Crystal,Watkins,1982-06-13,2023-11-10,Active,9,218
247,Amber,Williams,1995-08-26,2011-05-04,Reserve,7,208
248,Mary,Lopez,1989-08-26,2023-02-09,Retired,9,219
249,Austin,Sanchez,1991-01-28,2023-09-22,Retired,10,212
250,Kayla,Perkins,2002-06-22,2016-05-10,Reserve,1,202
251,Michael,Cruz,2001-07-04,2014-08-11,Retired,2,220
252,Stephanie,Wilson,1986-01-07,2019-07-03,Active,3,218
253,James,Johnson,1980-02-01,2014-05-17,Retired,8,202
254,Deborah,Wade,2000-05-25,2010-05-30,Active,7,211
255,Elijah,Taylor,1986-11-04,2021-04-20,Active,1,215
256,Thomas,Rodriguez,1988-02-18,2022-03-03,Active,7,214
257,Michael,Barnes,1993-03-13,2013-03-16,Active,1,215
258,James,Waters,1998-09-07,2022-12-25,Active,10,202
259,Travis,Craig,2005-05-08,2011-03-13,Retired,8,209
260,Patricia,Velasquez,1988-09-25,2022-01-16,Retired,2,216
261,Brooke,Dominguez,1990-01-12,2017-10-19,Retired,4,201
262,Megan,Ellis,1986-04-27,2023-08-23,Active,8,209
263,Lynn,Green,2004-10-20,2020-10-11,Active,5,215
264,Michelle,Mejia,1993-11-30,2011-08-21,Retired,2,202
265,Ann,Camacho,1986-09-13,2015-03-20,Retired,1,213
266,Seth,Myers,1984-08-11,2021-07-20,Retired,9,205
267,David,Bryant,2004-11-26,2019-08-04,Retired,9,201
268,Lauren,Harris,1994-08-23,2022-01-24,Retired,7,211
269,Joann,Gonzalez,1996-02-12,2020-03-03,Reserve,5,217
270,Brendan,Sanchez,1999-04-19,2022-03-27,Active,4,215
271,Matthew,Whitney,1987-02-23,2024-06-02,Reserve,6,213
272,Alexander,Kennedy,1992-06-17,2022-07-09,Active,7,204
273,Michele,Rush,2002-02-25,2024-02-04,Reserve,10,202
274,Joseph,Nelson,2004-02-19,2014-12-17,Reserve,6,205
275,Jerry,Gray,2001-08-02,2022-06-03,Active,10,216
276,Jeremy,Brock,1992-06-13,2018-12-03,Retired,3,204
277,Jacob,Wilcox,2005-03-02,2016-09-18,Reserve,1,215
278,Jamie,Gutierrez,1987-05-13,2013-12-06,Active,5,216
279,Gabrielle,Wong,1983-08-05,2012-11-11,Reserve,1,218
280,Terry,Myers,1996-05-11,2022-08-12,Retired,9,217
281,Eddie,West,2001-07-18,2016-06-03,Active,10,220
282,Michael,Miller,2003-07-11,2013-01-18,Retired,9,206
283,Sean,Delacruz,2000-07-16,2019-06-12,Retired,2,217
284,Justin,Combs,1984-12-16,2020-06-15,Retired,4,210
285,Zachary,Rivera,1992-06-27,2024-10-03,Reserve,1,214
286,Rachel,Haney,1998-01-09,2012-02-19,Active,5,203
287,Logan,Edwards,1995-12-07,2012-06-08,Retired,7,214
288,Andre,Mckenzie,2003-07-16,2016-05-13,Reserve,7,219
289,Tyler,Ingram,1988-04-17,2012-09-30,Reserve,10,220
290,Jeffrey,Schneider,2004-04-12,2022-01-23,Retired,3,209
291,Yolanda,Mckee,1993-04-14,2021-02-03,Retired,2,201
292,Michelle,Adkins,1981-03-05,2025-01-26,Reserve,3,220
293,Laura,Green,1987-06-18,2018-12-25,Reserve,7,211
294,Melissa,Payne,2003-08-28,2019-09-01,Active,6,215
295,Dalton,Evans,1989-02-19,2012-12-05,Active,3,220
296,Billy,Payne,1987-10-30,2022-10-09,Reserve,3,218
297,Robert,Smith,2003-01-27,2025-03-10,Retired,6,219
298,Seth,Flores,1990-03-30,2019-01-23,Reserve,7,204
299,Andre,Hopkins,2003-08-24,2015-07-23,Retired,2,215
300,Michael,Beard,2003-11-10,2025-03-17,Active,9,212
301,Jonathon,Anderson,1985-07-04,2017-04-20,Active,2,220
302,Robert,Parks,1981-12-11,2013-01-06,Active,7,212
303,John,Robertson,2004-12-20,2017-02-12,Retired,8,216
304,James,Torres,1987-03-24,2021-01-17,Active,8,211
305,Richard,Gregory,1982-01-09,2016-12-14,Reserve,4,216
306,Charles,Mcguire,1993-09-17,2016-08-21,Active,3,207
307,Frank,Anderson,1982-04-21,2019-11-30,Reserve,9,207
308,Christian,Campbell,1989-07-20,2013-07-23,Reserve,8,203
309,Brandon,Adams,1995-09-10,2016-10-13,Active,2,212
310,Dale,Russell,1993-07-25,2019-09-05,Reserve,10,219
311,Jeff,Parks,1990-05-20,2019-08-26,Reserve,2,214
312,John,Dodson,2001-05-16,2021-07-26,Retired,3,220
313,Wanda,Ramirez,1987-04-22,2013-08-12,Retired,5,219
314,Ann,Martin,1986-09-24,2018-06-09,Active,10,216
315,Amanda,Schmidt,1987-04-12,2015-01-17,Active,9,209
316,Brandon,Ross,1989-10-15,2012-01-15,Active,8,214
317,Debra,Palmer,1993-11-25,2020-04-25,Active,10,209
318,Crystal,Lee,1981-10-18,2020-03-04,Retired,2,219
319,Tina,Kennedy,2002-02-11,2015-04-28,Active,10,219
320,Phillip,Haynes,1983-12-28,2020-03-18,Retired,9,204
321,Kristi,White,1982-05-29,2020-12-13,Reserve,10,220
322,Ray,Pratt,1993-11-13,2021-12-17,Reserve,8,212
323,Casey,Brown,1979-10-06,2023-10-31,Retired,9,217
324,Christopher,Burton,1981-05-02,2019-04-08,Reserve,8,216
325,Greg,Gomez,2003-03-17,2011-02-17,Active,7,207
326,Jose,Smith,1986-05-09,2010-07-12,Retired,4,214
327,Katelyn,Jensen,1986-03-29,2014-01-06,Retired,1,205
328,Lauren,Garner,1986-06-05,2013-06-09,Active,6,202
329,Joshua,Lane,1984-03-17,2018-11-27,Active,1,210
330,Selena,Chang,1993-04-09,2011-03-24,Active,5,210
331,Alfred,Ross,2000-02-19,2012-04-03,Reserve,4,210
332,Theresa,Hicks,1998-10-18,2017-01-27,Reserve,2,219
333,Amanda,Watkins,2002-04-21,2021-04-07,Reserve,8,203
334,Jennifer,Reid,1991-09-01,2025-02-07,Reserve,10,211
335,William,Allen,1992-06-11,2019-08-28,Retired,4,207
336,Marie,Lang,2003-07-10,2014-03-23,Retired,9,206
337,Christian,Quinn,1998-05-03,2021-01-04,Retired,5,210
338,Matthew,Johnson,1990-03-08,2013-01-09,Retired,5,211
339,Sheila,Anderson,2005-02-03,2020-09-08,Reserve,10,204
340,James,Martin,1981-06-01,2018-11-10,Active,8,220
341,Sandra,Joseph,1989-09-16,2016-08-07,Reserve,3,218
342,Michael,Mcclure,1993-03-03,2017-08-26,Active,1,209
343,John,Thompson,1987-11-01,2018-08-16,Active,2,209
344,Christopher,Ewing,1999-05-20,2014-05-28,Retired,5,205
345,Matthew,Ward,1992-09-09,2024-11-30,Reserve,3,214
346,Gerald,Mccarthy,2003-08-07,2014-09-11,Reserve,8,207
347,Ashley,Winters,1998-12-14,2017-03-26,Reserve,9,214
348,Erik,Johnson,1982-09-02,2015-03-15,Retired,7,206
349,Sherry,Ayala,2000-12-01,2018-02-10,Active,2,213
350,Phillip,Steele,2005-03-03,2020-10-25,Active,10,209
351,Morgan,Anderson,2005-01-28,2021-10-26,Retired,9,217
352,Darlene,Torres,1986-02-14,2020-08-03,Reserve,4,208
353,Dustin,Johns,2001-04-30,2010-09-26,Active,10,216
354,Pedro,Newton,1987-10-13,2024-09-27,Active,6,205
355,Carmen,Harvey,1985-09-21,2011-06-07,Retired,6,210
356,Isabel,Dunn,2001-09-11,2011-05-04,Retired,10,214
357,Brian,Wood,2005-01-16,2021-09-20,Reserve,2,219
358,Kimberly,Smith,1994-05-19,2025-02-04,Retired,3,211
359,Rebecca,Brown,1997-09-26,2015-06-01,Reserve,10,201
360,Erika,Chase,1990-09-26,2023-11-15,Reserve,4,208
361,Christopher,Bryant,2000-05-02,2022-12-29,Retired,4,212
362,Taylor,Perry,1991-09-18,2019-11-15,Reserve,4,220
363,Tara,Williams,1982-06-28,2018-02-09,Active,6,204
364,Hunter,Roy,1982-09-29,2011-09-26,Reserve,10,205
365,Andrea,Stevens,1987-09-06,2021-03-16,Active,1,208
366,Rachel,Murphy,1980-02-22,2019-05-30,Retired,4,202
367,Matthew,Brewer,1989-01-01,2017-04-19,Reserve,2,213
368,Jennifer,Hancock,2001-09-09,2013-09-07,Reserve,6,201
369,Robin,Richards,1987-08-13,2016-01-23,Reserve,4,201
370,Michael,Jackson,1998-03-12,2018-10-17,Active,7,213
371,Gary,Mendoza,1989-08-23,2024-02-22,Active,6,208
372,Evan,Fry,1981-11-05,2023-11-26,Retired,2,219
373,Zachary,Edwards,1984-10-20,2015-09-07,Active,1,211
374,Maria,Mercer,1992-05-28,2020-07-06,Reserve,8,212
375,Melissa,Allen,2003-02-15,2013-08-26,Retired,1,209
376,Monica,Hamilton,1983-12-19,2019-07-04,Reserve,3,212
377,Sean,Drake,1994-11-11,2021-11-08,Active,7,207
378,Steven,Madden,1987-04-16,2015-01-23,Active,4,204
379,Jake,Mcgee,2003-04-21,2024-10-04,Reserve,7,204
380,Susan,Ewing,1992-12-12,2025-04-19,Reserve,5,203
381,Diana,Holland,1988-08-24,2023-08-21,Active,7,208
382,Matthew,Patel,2002-02-09,2024-05-14,Retired,3,217
383,Michael,Bradley,1982-12-28,2019-03-11,Retired,2,204
384,Joshua,Gallagher,2003-04-09,2021-07-22,Reserve,1,214
385,Chelsea,Lucas,1990-10-09,2013-01-01,Reserve,7,210
386,Alyssa,Spencer,2001-05-02,2011-06-07,Reserve,2,215
387,Todd,Hall,2000-11-28,2012-11-08,Active,2,201
388,Amanda,Peterson,1982-10-12,2016-08-01,Retired,5,217
389,Daniel,Mcintyre,1998-08-10,2015-10-14,Reserve,8,206
390,Catherine,Baker,1992-02-16,2011-11-08,Retired,1,218
391,Luis,Anderson,1988-08-03,2018-07-06,Active,9,206
392,Brianna,Young,1982-03-28,2012-01-26,Reserve,3,202
393,Elizabeth,Brown,2003-07-25,2024-02-11,Retired,9,213
394,Jessica,Perry,1992-04-23,2014-10-03,Retired,3,212
395,James,Phillips,1984-07-08,2021-06-05,Active,1,206
396,Nathan,Perez,1988-09-09,2023-03-28,Active,9,220
397,Miguel,Norman,2000-10-08,2022-08-22,Reserve,4,206
398,Cory,Matthews,1996-07-10,2020-01-02,Retired,8,218
399,Daniel,Fisher,1981-11-13,2011-02-02,Active,6,207
400,Mark,Miller,1993-07-06,2020-01-21,Retired,10,217
401,Pamela,Hines,1987-02-16,2025-05-13,Active,7,213
402,Brian,Burke,1990-12-24,2011-12-15,Reserve,10,217
403,Stacy,Krause,1985-05-02,2019-03-10,Retired,8,210
404,Richard,Rodriguez,1998-10-17,2024-01-04,Active,9,202
405,Kimberly,Olson,2003-08-08,2024-04-17,Retired,6,212
406,Christopher,Nicholson,1982-03-23,2017-01-12,Reserve,8,217
407,Michelle,King,1988-07-09,2021-12-25,Reserve,6,215
408,Peter,Baker,1996-04-29,2023-12-23,Retired,3,216
409,Jennifer,Williams,1987-10-25,2013-04-21,Reserve,3,219
410,George,Brown,1998-09-16,2011-12-25,Retired,6,204
411,Traci,Riley,1980-11-07,2017-08-17,Reserve,5,208
412,Joshua,Weaver,1991-06-10,2021-04-05,Active,2,209
413,Deanna,Cook,1989-04-07,2012-12-12,Reserve,3,219
414,Zachary,Hurley,1999-04-20,2024-11-16,Retired,8,201
415,Joy,Reyes,1995-07-12,2013-03-01,Active,4,220
416,Melissa,Matthews,1991-07-24,2017-07-16,Retired,3,205
417,Tina,King,1999-11-27,2018-02-11,Reserve,9,202
418,Gina,Fox,1980-07-02,2013-12-15,Retired,1,203
419,Gregory,Benitez,1985-09-19,2023-02-24,Active,1,215
420,David,Brown,2004-09-16,2019-08-05,Retired,10,202
421,Scott,Nichols,1989-11-20,2020-12-13,Reserve,3,217
422,Michael,Ramirez,1993-01-18,2013-04-01,Reserve,1,220
423,Natalie,Jacobs,1997-10-29,2019-02-28,Active,5,214
424,Jordan,Marshall,1986-11-05,2024-02-10,Retired,7,210
425,Tyler,Chapman,1982-02-16,2022-05-08,Active,8,210
426,Philip,Hill,1985-04-10,2014-05-03,Active,10,218
427,Ana,Gregory,1989-04-11,2016-08-10,Active,6,220
428,Kristi,Davis,2003-10-18,2013-02-24,Reserve,6,215
429,Craig,Gonzalez,1996-10-21,2014-11-17,Retired,7,205
430,Susan,Adams,2002-10-14,2022-11-17,Reserve,4,216
431,John,Johnston,2000-08-22,2018-12-07,Reserve,4,207
432,Kelly,Baldwin,1981-10-11,2019-09-16,Retired,7,209
433,Susan,Kemp,1990-04-24,2017-03-01,Reserve,2,212
434,Erica,Robinson,1988-10-11,2023-11-28,Active,1,202
435,Chloe,Reid,1989-06-14,2025-03-27,Reserve,9,207
436,Jennifer,Stanley,1983-12-30,2010-10-07,Active,6,220
437,Bradley,Murphy,1992-04-05,2016-02-28,Retired,7,212
438,Tara,White,1989-11-25,2014-07-07,Active,3,205
439,Michelle,Collins,1991-12-19,2022-03-25,Reserve,10,208
440,Joseph,Wilson,1983-03-07,2023-08-19,Retired,8,220
441,Mary,Ewing,1994-12-09,2024-02-24,Reserve,9,201
442,Crystal,Davis,1981-03-16,2012-06-22,Reserve,5,213
443,Diana,Jackson,1982-07-19,2013-06-08,Active,1,215
444,Krystal,Brown,2002-11-17,2015-06-13,Active,4,206
445,James,Gomez,1992-01-25,2014-08-29,Active,7,209
446,John,Lynch,1981-04-01,2010-11-30,Reserve,8,218
447,Barry,Miller,1999-07-09,2024-01-09,Retired,8,217
448,Jeremy,Adams,2000-02-29,2019-08-11,Reserve,8,204
449,Clinton,Evans,2002-01-31,2022-12-31,Retired,4,216
450,Lawrence,White,1997-12-03,2015-05-06,Active,8,218
451,Hannah,Le,2001-03-29,2011-09-19,Retired,3,204
452,Kelsey,Lester,1988-06-22,2021-04-23,Active,2,218
453,Tina,Harrington,2002-07-07,2023-02-01,Reserve,9,210
454,Michelle,Martinez,1991-03-07,2016-12-08,Reserve,6,218
455,Justin,Ramirez,1990-03-06,2014-05-31,Active,3,215
456,Nathaniel,Dalton,1997-12-08,2013-07-26,Active,7,217
457,Kyle,Bryant,2004-10-11,2012-04-17,Retired,7,210
458,Frederick,Reynolds,1993-12-11,2019-01-21,Reserve,6,216
459,Lisa,Douglas,1987-03-13,2014-05-15,Active,1,212
460,Colin,Flores,1985-01-10,2014-06-07,Retired,2,202
461,Tyler,Lee,1980-10-07,2017-04-05,Active,10,210
462,Julie,Woodward,1980-07-31,2012-12-11,Active,6,203
463,Michael,Wood,2003-12-06,2010-10-13,Reserve,3,210
464,Jose,Walker,2005-05-09,2016-09-27,Retired,10,204
465,James,Cox,1980-07-07,2025-05-16,Retired,1,218
466,Jaclyn,Spencer,1995-09-26,2015-11-25,Reserve,1,210
467,Russell,Fuller,1998-03-25,2016-07-04,Retired,4,215
468,Andrew,Nelson,1982-12-24,2022-12-01,Active,10,205
469,Daniel,Estes,2000-07-07,2016-12-28,Active,10,205
470,Christine,Tran,1984-01-30,2021-07-02,Retired,1,207
471,Barbara,Randolph,2002-10-08,2021-11-02,Retired,4,202
472,Amanda,Blair,1981-03-29,2014-06-28,Active,8,207
473,Daniel,Obrien,1979-11-12,2022-02-15,Active,2,205
474,Wendy,Smith,1985-05-22,2023-08-15,Retired,6,207
475,Jacqueline,Chase,2002-01-30,2016-04-04,Retired,4,208
476,Randall,Mccoy,1986-10-09,2022-06-24,Active,1,203
477,Ryan,Mcgee,2000-12-17,2012-06-09,Retired,1,215
478,Hunter,Thomas,1995-01-27,2011-11-10,Reserve,1,220
479,Nathan,Phillips,1987-04-05,2022-12-16,Reserve,1,211
480,Kevin,Jordan,2002-01-07,2016-09-27,Active,10,207
481,Justin,Chen,1985-11-13,2015-08-21,Reserve,6,208
482,Emily,Hurley,1982-08-08,2021-10-18,Reserve,6,203
483,Sara,King,1981-05-23,2019-05-25,Reserve,10,206
484,William,Jensen,1989-10-11,2014-07-22,Reserve,4,217
485,Bonnie,Espinoza,2001-01-25,2016-12-20,Active,4,209
486,Daniel,Hansen,1997-04-03,2011-04-24,Active,3,215
487,Jennifer,Juarez,1983-05-13,2018-10-13,Retired,8,220
488,Stacy,Johnson,1988-07-29,2018-10-02,Active,9,215
489,Brittany,Strickland,2000-03-27,2021-11-16,Active,6,205
490,Karen,Foster,2000-07-12,2012-11-22,Active,2,211
491,Kristin,Martinez,1998-12-06,2013-12-20,Active,8,212
492,Joel,Andrews,1997-12-11,2019-06-20,Reserve,8,210
493,Nicholas,Harris,2002-04-13,2025-01-05,Active,6,218
494,Debra,Hall,1983-08-01,2014-01-05,Reserve,8,219
495,James,Proctor,2001-09-06,2017-10-08,Reserve,1,209
496,Miranda,Rivera,2001-05-09,2014-01-08,Retired,7,205
497,John,Shelton,1997-06-02,2016-03-19,Reserve,10,208
498,Eric,Lee,1984-03-16,2013-04-16,Retired,10,217
499,Howard,Rivera,1988-10-14,2023-01-19,Retired,3,203
500,Katrina,Powell,1998-02-20,2013-04-09,Retired,2,214
501,Nicole,Young,1985-11-01,2017-11-16,Active,2,217
502,Randall,Daniels,1981-12-17,2023-10-13,Reserve,5,215
503,Norma,Diaz,1995-01-06,2015-11-15,Reserve,2,205
504,Ashley,Gregory,1981-01-28,2012-09-21,Retired,9,204
505,William,Ryan,1979-12-08,2022-10-08,Retired,3,207
506,Ryan,Cochran,2001-08-18,2023-07-19,Reserve,1,211
507,Patricia,Mccarthy,1995-11-06,2022-08-13,Active,9,208
508,Heather,Jackson,1981-04-20,2022-08-01,Retired,8,205
509,Bryan,Butler,1980-12-31,2015-07-20,Retired,9,202
510,Samuel,Hunt,1990-09-11,2013-04-08,Active,9,218
511,Donald,Maxwell,2000-09-25,2012-06-30,Reserve,5,220
512,Michael,Ellis,1986-03-29,2012-09-10,Reserve,10,212
513,Donald,Riley,1993-05-06,2021-10-07,Reserve,1,205
514,Melissa,Garcia,1992-12-23,2020-08-20,Retired,2,207
515,Janet,Walker,2001-06-13,2024-12-27,Retired,10,202
516,Jennifer,Cox,1995-10-21,2023-02-21,Reserve,8,209
517,Rebecca,Hudson,1981-09-12,2021-05-20,Retired,1,206
518,David,Johnson,1980-05-27,2014-05-14,Active,6,216
519,Jonathan,Gentry,1993-08-10,2010-08-24,Reserve,2,211
520,Sarah,Morris,1999-01-24,2024-10-17,Retired,9,214
521,Elizabeth,Phillips,1998-01-06,2024-04-09,Reserve,10,218
522,Jessica,Wells,1984-06-17,2022-11-24,Retired,10,211
523,Sara,Bennett,1996-09-10,2015-06-06,Retired,4,208
524,Christopher,Moses,1995-01-24,2017-09-27,Active,7,207
525,Dennis,Thompson,1987-01-05,2014-05-01,Active,7,212
526,Amanda,Petersen,2002-06-26,2022-12-29,Reserve,7,203
527,Duane,Smith,1987-04-08,2011-07-25,Retired,4,216
528,Kimberly,Roth,1991-03-12,2011-10-09,Reserve,3,220
529,Eric,Bentley,1994-11-05,2011-01-25,Retired,10,204
530,Paul,Smith,1989-05-22,2019-01-14,Retired,9,219
531,Allen,Edwards,1990-08-24,2020-08-29,Retired,6,212
532,Erin,Rodriguez,2000-10-25,2020-09-24,Active,3,219
533,Steven,Vazquez,1993-09-22,2018-04-05,Active,4,202
534,Vanessa,Taylor,2003-06-02,2024-04-26,Active,4,217
535,Judith,Gonzales,1997-11-02,2013-02-17,Reserve,6,204
536,Mary,Rivera,1982-11-06,2013-06-25,Retired,10,216
537,Andrea,Brady,1982-02-12,2017-03-02,Retired,7,220
538,Christina,Bowman,1999-01-17,2022-06-29,Reserve,5,202
539,Sarah,Martinez,2001-04-23,2018-10-15,Retired,9,215
540,Tina,Thomas,1983-04-09,2018-11-21,Reserve,2,201
541,Franklin,Griffin,2003-04-27,2018-08-30,Active,1,212
542,Jeremy,Jackson,1996-12-07,2018-10-25,Reserve,1,208
543,William,Moore,1985-07-14,2020-12-27,Reserve,3,210
544,Deanna,Cisneros,1995-03-19,2016-04-01,Reserve,7,207
545,Joshua,Lee,2001-03-22,2014-07-20,Retired,9,203
546,Lauren,Davis,1990-05-19,2011-09-01,Retired,8,204
547,Laura,Mcconnell,1985-01-01,2015-03-12,Active,10,215
548,Thomas,Flores,1984-10-24,2022-07-14,Retired,4,205
549,Christopher,York,1992-09-02,2023-11-25,Retired,9,220
550,Eric,Short,1991-06-24,2022-12-17,Active,5,206
551,Andrew,Lester,1990-11-05,2015-08-04,Reserve,3,204
552,Brian,Adams,1994-01-11,2024-01-30,Active,2,211
553,Priscilla,Thomas,1998-04-24,2022-07-09,Reserve,3,218
554,Joseph,Ramsey,1987-03-11,2019-11-14,Retired,4,203
555,Andrew,Ramirez,1984-03-25,2020-04-30,Active,8,212
556,Corey,Wang,1993-02-21,2016-01-21,Active,10,206
557,Jennifer,Price,2001-11-17,2014-03-22,Active,1,218
558,Aaron,Young,1992-07-01,2016-12-28,Retired,9,209
559,Jesse,Davis,1997-02-04,2022-09-14,Reserve,9,209
560,Jessica,Vaughn,1989-06-21,2024-02-26,Active,3,202
561,Jeanette,Harris,1984-10-30,2024-04-18,Active,6,207
562,Daniel,Delacruz,2001-02-06,2012-12-21,Active,5,218
563,Lisa,Pitts,1994-01-01,2017-04-13,Retired,1,216
564,Ronald,Harris,1979-12-25,2021-01-01,Active,8,207
565,Christopher,Brown,2001-06-20,2021-09-18,Active,7,206
566,Paula,Noble,1984-08-26,2022-04-10,Active,9,203
567,Sarah,Mendez,2001-01-23,2024-12-11,Reserve,3,206
568,Heidi,Rodriguez,1995-01-25,2012-02-19,Reserve,3,215
569,Wendy,Adams,2001-12-22,2017-04-01,Retired,7,214
570,Brandon,Thompson,1995-03-13,2021-10-09,Reserve,9,218
571,Alex,Graham,2002-08-02,2019-04-01,Reserve,8,202
572,Jeremy,Woods,1994-11-29,2015-04-26,Retired,4,210
573,William,Miller,1994-04-28,2018-08-23,Reserve,5,218
574,Joseph,Murray,1996-11-07,2013-07-29,Reserve,8,202
575,Hannah,Little,2004-01-15,2020-11-04,Retired,4,206
576,Stephanie,Henderson,1987-02-13,2020-09-12,Reserve,10,202
577,Dawn,Pearson,1985-03-16,2021-11-01,Retired,9,205
578,Morgan,Singh,1990-09-23,2023-02-23,Active,7,206
579,Tina,Lutz,1980-05-06,2012-08-08,Reserve,5,211
580,Brandon,Harding,1987-12-18,2015-09-06,Reserve,2,212
581,Yolanda,Lambert,2002-03-25,2020-08-13,Active,4,219
582,Rickey,Terry,1999-03-31,2013-03-03,Retired,6,208
583,Megan,Woodward,1993-09-02,2020-08-28,Reserve,10,211
584,Katie,Ochoa,2003-08-27,2020-12-07,Active,10,205
585,Kelly,Myers,2001-12-12,2023-12-03,Retired,3,201
586,Tracey,Thompson,1993-01-21,2023-12-18,Active,6,207
587,Brandon,Rollins,1991-06-07,2013-03-06,Active,9,214
588,Bobby,Brown,1999-11-21,2022-02-07,Active,4,218
589,Jessica,Holmes,1988-08-07,2022-08-04,Reserve,5,219
590,Scott,Kim,1981-03-30,2014-03-30,Retired,6,218
591,Elizabeth,Thompson,1991-04-20,2015-05-02,Active,9,207
592,Stephanie,Howard,1998-07-13,2019-07-09,Reserve,8,209
593,Antonio,Rush,2003-06-27,2017-01-14,Retired,8,214
594,Emily,Mueller,2001-03-01,2020-11-27,Reserve,4,214
595,David,Collier,1994-04-05,2024-09-26,Reserve,3,211
596,Leslie,Daniel,1996-07-23,2010-11-13,Active,7,205
597,Laura,Bradley,2000-09-07,2015-08-03,Active,10,216
598,Kim,Walker,1985-05-01,2013-04-22,Retired,4,204
599,Ryan,Gray,1990-06-20,2011-12-29,Active,8,218
600,Allison,Moody,1991-08-01,2022-01-07,Reserve,9,211
601,William,Dorsey,1991-01-15,2016-05-03,Reserve,2,205
602,Douglas,Parker,1989-09-16,2020-08-23,Retired,4,201
603,Teresa,Reed,1990-05-29,2021-10-26,Retired,1,205
604,Scott,Hernandez,2003-11-24,2011-06-25,Reserve,2,204
605,Anthony,Gross,2002-06-11,2015-12-08,Retired,8,202
606,Brandon,Williams,1986-01-24,2015-02-20,Reserve,6,218
607,Sarah,Wilkins,1987-11-09,2012-02-02,Active,2,208
608,Ashley,Brown,2000-03-26,2020-10-16,Reserve,3,209
609,Hannah,Roberts,1998-12-25,2016-04-04,Reserve,1,208
610,Jordan,Lynch,1989-03-15,2016-07-31,Active,3,213
611,Dawn,Smith,1994-07-10,2024-03-13,Retired,10,206
612,Eileen,Combs,1980-11-25,2016-05-30,Active,5,220
613,Kenneth,Diaz,1980-05-18,2022-07-19,Retired,5,218
614,Kathryn,Clark,1998-09-01,2011-02-11,Reserve,2,201
615,Lisa,Bell,1998-06-08,2016-07-31,Active,5,203
616,Susan,Jackson,1999-03-17,2012-12-26,Active,6,220
617,Christina,Bell,1999-09-08,2015-07-11,Active,8,204
618,Sarah,Potter,2002-03-11,2018-04-29,Retired,9,216
619,Suzanne,Strickland,1999-03-01,2019-06-30,Reserve,9,203
620,Richard,Palmer,2003-03-21,2013-04-18,Reserve,3,218
621,Mackenzie,Gonzales,1996-03-11,2018-11-13,Retired,3,220
622,Michael,Oliver,2003-11-18,2011-09-19,Retired,10,213
623,Beth,Zamora,2004-11-21,2018-04-01,Active,6,209
624,Christine,Williams,1984-01-24,2013-10-31,Reserve,7,216
625,Rodney,Atkinson,1993-08-17,2020-06-08,Retired,7,212
626,Trevor,Lewis,2002-01-12,2018-04-19,Reserve,2,219
627,Sherry,Jackson,1980-05-14,2022-02-10,Active,10,208
628,Lauren,Long,1987-08-26,2015-09-17,Active,4,217
629,Adam,Smith,1992-07-07,2024-05-23,Retired,3,206
630,Ashley,Jones,2001-06-07,2014-02-23,Active,1,212
631,Kristin,Harmon,1984-10-21,2010-08-09,Active,3,216
632,Dominic,Barker,1997-10-29,2016-12-30,Active,8,201
633,Elizabeth,Lozano,1993-10-26,2021-07-31,Retired,10,220
634,Teresa,Smith,1981-02-09,2019-04-03,Retired,3,220
635,Margaret,Ward,1980-07-27,2016-06-13,Active,3,216
636,Clifford,Lara,1991-12-16,2023-07-09,Active,8,202
637,Troy,Martinez,1995-04-10,2022-11-05,Retired,10,205
638,Tammy,Johnson,1986-09-11,2018-01-09,Reserve,2,219
639,Cindy,Clark,2001-08-11,2017-05-21,Reserve,10,208
640,Whitney,Morse,1994-08-15,2018-12-14,Active,8,201
641,Mitchell,Campbell,1986-12-06,2021-09-27,Retired,8,207
642,Lori,Mathews,1989-03-06,2014-08-04,Active,7,202
643,Carmen,Mitchell,1988-05-09,2014-01-10,Active,1,208
644,Gina,Hoffman,1983-03-17,2020-04-30,Reserve,10,212
645,Alexandria,White,1987-07-16,2010-12-19,Active,2,212
646,Derrick,Snyder,1985-10-27,2023-10-24,Retired,8,217
647,Alicia,Barrett,2002-08-01,2010-06-14,Active,7,205
648,Kimberly,Hughes,1992-08-24,2016-11-20,Retired,10,216
649,Whitney,Peterson,1980-07-04,2022-05-23,Retired,9,218
650,Daniel,Wright,1990-05-20,2024-07-31,Retired,3,203
651,Michelle,Ibarra,1981-03-20,2018-05-28,Reserve,3,217
652,Brenda,Wilson,1999-11-08,2020-08-25,Reserve,5,211
653,Alexander,Hamilton,1986-02-08,2020-07-26,Reserve,10,214
654,Alan,Delgado,1996-07-31,2025-01-11,Active,5,219
655,Matthew,Ross,2004-10-19,2010-10-29,Retired,3,220
656,Kurt,Burns,1980-02-20,2022-04-07,Retired,9,207
657,Amy,Glass,1980-12-17,2018-08-07,Retired,3,220
658,Richard,Webster,2001-06-18,2011-12-17,Active,8,206
659,Martha,Jones,1991-10-20,2014-05-10,Reserve,5,203
660,John,Villegas,1998-02-20,2011-05-11,Retired,2,202
661,Jennifer,Jensen,1989-11-04,2023-12-11,Retired,1,215
662,Calvin,Mendoza,1987-10-03,2018-08-30,Reserve,3,207
663,Madeline,Ramirez,1994-08-23,2011-04-02,Reserve,1,218
664,Laura,Hall,2003-10-09,2013-05-12,Reserve,7,220
665,Travis,Gardner,1989-01-21,2020-09-08,Retired,10,212
666,Steven,Dunlap,1980-12-05,2019-07-26,Active,9,205
667,Brittney,Ruiz,1986-11-15,2018-01-09,Active,6,218
668,Timothy,Heath,1994-03-15,2022-10-20,Retired,1,204
669,Matthew,Russell,2001-11-10,2014-10-17,Reserve,10,215
670,David,Johnson,1991-04-15,2024-05-03,Reserve,7,216
671,Pamela,Boyd,1982-02-03,2014-01-04,Retired,7,208
672,John,Waters,1998-06-25,2023-03-15,Active,2,220
673,Keith,Neal,1996-03-09,2017-12-30,Reserve,5,220
674,William,Wright,1985-07-01,2013-01-20,Reserve,9,220
675,Alexandra,Miller,1997-09-02,2010-07-20,Retired,4,205
676,Joseph,Sullivan,1982-12-27,2018-07-15,Active,2,216
677,Holly,Anderson,1989-05-22,2015-04-07,Retired,8,202
678,Steven,Jones,1984-11-09,2022-10-20,Reserve,9,220
679,Gregory,Miller,2004-01-19,2025-03-11,Reserve,3,220
680,Denise,Lang,1998-07-19,2022-06-30,Reserve,3,214
681,Kevin,Kirk,1981-04-17,2012-07-26,Reserve,6,207
682,Kayla,Mejia,1994-02-26,2017-04-22,Active,1,205
683,Lynn,Brady,1990-06-15,2014-07-26,Reserve,8,215
684,Juan,Montgomery,2004-05-01,2023-09-01,Retired,2,209
685,Ian,Valencia,1979-07-19,2019-02-02,Reserve,2,209
686,Christopher,Jones,1980-12-06,2015-06-30,Retired,4,219
687,Raymond,Chambers,2003-03-26,2014-12-02,Reserve,7,219
688,Troy,Kelley,1979-07-05,2020-10-12,Retired,5,207
689,Christopher,Santos,1992-04-06,2017-12-03,Retired,6,206
690,Kathleen,Francis,1992-12-28,2020-01-17,Retired,10,206
691,Angela,Meyer,1991-10-17,2012-11-22,Reserve,6,220
692,Michael,Weiss,1999-05-07,2015-05-25,Active,2,219
693,Rose,Benson,1983-07-01,2014-10-05,Active,6,217
694,Jennifer,Cline,1999-03-16,2013-04-08,Reserve,7,218
695,Cody,Vega,1988-04-19,2020-06-14,Retired,8,213
696,Scott,Carey,1980-05-05,2024-09-05,Retired,1,214
697,Jessica,Williams,1998-04-22,2022-07-21,Active,2,205
698,Calvin,Mcmillan,1998-11-21,2010-07-31,Retired,1,210
699,Roberta,Obrien,1994-08-07,2015-04-11,Retired,7,217
700,Crystal,Maddox,2002-12-11,2011-04-28,Active,3,219
701,Albert,Barnett,1998-09-20,2014-08-23,Retired,1,217
702,Dennis,Crane,1995-02-13,2024-07-13,Reserve,7,202
703,Larry,Kelley,1991-10-28,2017-05-11,Retired,8,215
704,Katherine,Miller,1990-10-30,2024-10-07,Reserve,5,204
705,Joy,Zimmerman,2002-03-15,2016-01-26,Reserve,10,204
706,Alicia,Thompson,2000-06-04,2023-08-20,Reserve,6,209
707,Eddie,Franklin,1981-05-24,2018-04-05,Retired,1,207
708,Matthew,Bowman,1981-05-23,2019-09-29,Retired,3,208
709,Tiffany,Houston,1999-11-30,2011-12-14,Retired,5,219
710,Christopher,Carlson,1996-01-15,2024-07-11,Reserve,7,204
711,Matthew,Simpson,1983-02-11,2015-09-09,Active,8,214
712,Jason,Waters,2000-02-28,2017-05-24,Reserve,8,208
713,Larry,Taylor,1980-10-24,2021-05-25,Retired,2,212
714,John,Sosa,1979-09-19,2015-05-15,Active,9,201
715,Christina,Smith,2001-03-11,2014-05-23,Retired,8,215
716,Robert,Sanders,1996-08-29,2016-12-20,Reserve,1,216
717,Vincent,Davis,2004-12-15,2017-05-07,Active,3,219
718,Heather,Chambers,1997-04-11,2025-04-08,Active,2,214
719,Bradley,Martinez,1994-02-13,2024-12-11,Reserve,6,211
720,Luis,Fuller,1991-06-18,2012-07-28,Active,3,201
721,Michael,Mcdaniel,2005-03-29,2022-06-04,Retired,8,218
722,Daniel,Keller,1989-09-14,2018-03-02,Retired,4,203
723,Karen,Barrett,2004-03-21,2012-09-09,Active,4,219
724,Nicole,Johnson,1992-09-21,2011-11-02,Retired,1,209
725,Michael,Smith,1987-11-02,2012-11-11,Reserve,8,203
726,David,Brown,1987-06-27,2024-08-23,Active,10,202
727,Ryan,Sharp,1995-11-22,2025-01-06,Retired,5,215
728,Angelica,Wilson,2003-10-16,2022-11-02,Retired,6,204
729,Alfred,Benton,1984-02-26,2025-02-23,Active,4,214
730,Christopher,Murphy,1989-12-17,2012-03-03,Active,5,201
731,Drew,Collins,2003-11-19,2012-11-08,Retired,5,207
732,Ernest,Gardner,1997-02-23,2024-03-19,Retired,8,203
733,Robin,Parker,1993-12-04,2012-08-21,Reserve,6,207
734,Abigail,Powell,1984-07-30,2016-09-21,Retired,7,202
735,Ashley,Martinez,1995-02-21,2016-03-24,Reserve,7,201
736,Jay,Leon,2002-10-04,2025-02-17,Active,4,219
737,Nicole,Evans,1998-10-12,2020-09-16,Active,10,214
738,Carolyn,Ramirez,1991-06-20,2014-03-11,Active,6,210
739,Melinda,Murphy,1992-04-20,2021-11-14,Active,9,211
740,Tiffany,Tran,1997-05-25,2018-01-27,Active,1,210
741,Valerie,Maddox,1995-08-20,2024-02-09,Retired,10,205
742,Emily,Mcdonald,2001-06-23,2023-11-07,Retired,5,219
743,William,Weber,1982-11-24,2013-09-19,Retired,6,203
744,Robert,Gonzales,1995-03-06,2015-06-16,Reserve,2,207
745,Robert,Graham,1991-04-03,2015-12-19,Retired,8,213
746,Debra,Edwards,1993-05-31,2016-12-27,Reserve,3,206
747,Brian,Hill,1999-06-13,2024-11-04,Active,2,209
748,Jonathan,Carlson,1994-05-22,2011-11-30,Active,2,217
749,Lori,Morrow,2000-03-18,2023-02-21,Retired,1,205
750,Meagan,Rodriguez,1995-01-11,2020-02-14,Active,10,219
751,Nathan,Miller,1990-01-16,2020-01-31,Reserve,9,203
752,Melissa,Lucero,1981-04-15,2021-09-08,Retired,7,212
753,Ryan,Riley,1998-12-19,2019-08-19,Reserve,9,216
754,Richard,Sullivan,1985-02-13,2024-03-26,Active,6,202
755,Frank,Knight,1999-12-20,2016-12-01,Retired,6,210
756,Debbie,Luna,1984-01-09,2024-02-20,Retired,3,204
757,Sarah,Harper,1990-08-29,2016-04-13,Active,5,211
758,Carolyn,Ross,1983-06-12,2023-11-21,Reserve,10,205
759,Isabel,Nielsen,1997-03-07,2022-06-24,Retired,7,210
760,David,Moreno,1981-12-08,2020-05-04,Active,2,218
761,Bill,Figueroa,1987-04-07,2020-06-26,Retired,8,205
762,Mary,Singh,1999-02-15,2015-01-02,Reserve,10,203
763,Elizabeth,Gutierrez,1980-10-21,2017-05-30,Retired,2,213
764,Gloria,Allen,1992-05-02,2014-03-09,Active,3,209
765,Barbara,Underwood,2004-01-14,2018-05-31,Retired,5,213
766,Nicole,Johnson,2004-01-10,2011-09-03,Retired,2,209
767,William,Watson,1990-11-21,2019-03-12,Reserve,10,210
768,Gloria,Townsend,1986-06-16,2011-11-05,Reserve,6,218
769,Grant,Thompson,2000-10-07,2022-01-07,Reserve,5,219
770,Joshua,Ramos,1999-02-20,2012-05-27,Active,3,207
771,Tiffany,Davis,1997-10-10,2020-06-01,Reserve,9,211
772,Victor,Mason,2004-06-17,2021-05-13,Active,8,205
773,John,Medina,1997-09-17,2017-08-23,Retired,8,212
774,David,Santiago,1981-04-06,2011-06-27,Active,2,215
775,Elizabeth,Yang,2000-07-18,2014-02-07,Active,3,208
776,John,Ortiz,1983-08-19,2024-07-07,Retired,3,218
777,Christina,Phillips,1984-01-05,2020-11-23,Retired,2,213
778,Whitney,Taylor,1995-02-03,2011-05-18,Reserve,7,218
779,Dustin,Blevins,2003-06-12,2016-06-12,Active,10,209
780,Jessica,Kirby,1996-08-14,2013-05-15,Retired,9,213
781,Jessica,Ellis,1985-10-11,2015-04-04,Active,9,211
782,Alisha,Gibson,1985-12-08,2018-12-09,Reserve,6,204
783,David,Tucker,2004-04-17,2014-11-20,Retired,8,210
784,Linda,Walker,1984-11-06,2015-08-29,Active,7,214
785,Madeline,Yang,2003-03-15,2012-02-01,Active,8,210
786,Pamela,Wise,1997-05-03,2017-01-19,Active,2,216
787,Jacob,Pearson,1999-11-03,2024-11-12,Active,1,220
788,Mary,Owens,1986-02-14,2023-08-09,Retired,8,205
789,Justin,Peterson,1998-02-12,2011-10-28,Retired,9,219
790,Eric,Jacobson,1979-10-08,2013-12-10,Reserve,8,214
791,Larry,Sandoval,1984-07-27,2021-09-07,Reserve,8,204
792,Richard,Payne,1998-12-13,2025-01-30,Reserve,5,219
793,Lauren,Jones,1981-01-20,2012-06-01,Retired,10,208
794,Kaitlyn,Johnson,1990-11-21,2015-03-07,Reserve,2,208
795,Joel,Perry,1997-10-09,2017-03-25,Active,9,208
796,Miguel,Leonard,1998-01-31,2025-04-26,Active,1,215
797,Kelsey,Smith,1989-05-08,2021-09-28,Reserve,7,214
798,Thomas,Clark,1992-06-05,2018-12-17,Reserve,5,205
799,Gary,Robbins,1982-11-07,2013-09-24,Active,4,219
800,Megan,Khan,1987-03-18,2019-12-23,Reserve,4,220
801,Amber,Davis,1980-02-06,2019-04-30,Reserve,9,215
802,Laura,Brown,2000-07-09,2015-06-17,Active,10,220
803,Robert,Hawkins,2005-01-17,2018-10-08,Retired,2,220
804,Calvin,Ruiz,2004-11-25,2024-03-07,Active,5,206
805,Grace,Davis,1992-05-06,2022-01-26,Active,3,213
806,Douglas,Graves,1985-06-22,2016-03-25,Active,8,205
807,Lisa,Salazar,1990-06-15,2013-04-22,Active,6,211
808,Steven,Castillo,1979-09-19,2012-02-15,Reserve,9,210
809,Elizabeth,Woodard,1986-11-30,2020-10-20,Active,8,211
810,Cory,Young,1993-08-24,2024-02-27,Active,9,208
811,Sherry,Kelly,1991-01-15,2018-10-25,Active,9,218
812,Kristin,Melton,1992-02-04,2017-02-10,Reserve,10,202
813,Heather,Lane,1985-10-13,2012-03-09,Retired,1,218
814,Alejandro,Watson,1983-10-29,2011-07-25,Reserve,8,202
815,William,Warren,1989-12-29,2016-11-01,Active,6,203
816,John,Vasquez,1980-05-01,2023-04-03,Active,5,209
817,Carolyn,Perez,1995-01-20,2011-12-26,Retired,4,208
818,Alison,Barker,1992-04-20,2023-03-13,Active,7,204
819,Janet,Walters,2003-04-01,2016-05-16,Retired,7,208
820,Christine,Wise,1983-09-12,2019-07-22,Active,4,216
821,Gabriela,Sanders,2004-06-25,2024-11-22,Active,4,214
822,Jason,Sherman,1993-05-20,2015-08-13,Reserve,1,218
823,Timothy,Singh,1979-10-25,2017-08-12,Active,2,203
824,Erik,Bryan,2003-09-08,2023-11-02,Retired,6,203
825,Michael,Brooks,1981-05-27,2017-01-17,Active,9,217
826,Brandon,Lewis,1987-07-19,2013-03-09,Retired,10,202
827,Omar,Mcclure,1999-04-20,2023-11-06,Retired,9,205
828,Mary,Thomas,1992-08-15,2013-08-05,Retired,7,220
829,Sheri,Mendoza,1988-05-31,2016-02-26,Active,4,201
830,Mark,Thomas,1993-07-08,2024-06-19,Retired,4,213
831,Kayla,Bird,1982-01-29,2025-02-05,Active,3,211
832,Stephen,Grant,2003-04-25,2010-09-05,Retired,5,208
833,Alexandra,Thomas,1993-01-30,2019-12-13,Retired,4,206
834,Dylan,Collier,2001-07-22,2013-10-27,Active,8,214
835,Kaitlyn,Ross,1981-07-10,2024-01-09,Active,6,220
836,Grant,Silva,1983-02-06,2020-04-02,Retired,8,220
837,Nancy,Bailey,1988-01-30,2018-03-26,Active,4,202
838,Jamie,Torres,2004-05-18,2016-07-25,Active,3,204
839,Carl,Cisneros,1984-06-10,2017-10-08,Retired,9,212
840,Michele,Mack,1983-12-24,2017-12-13,Retired,5,209
841,David,Frazier,1991-02-14,2024-10-12,Active,8,209
842,James,Rhodes,1980-02-01,2021-03-31,Reserve,6,219
843,Tara,Fitzgerald,1981-09-15,2022-05-11,Active,9,213
844,Lauren,Palmer,1998-12-04,2017-08-26,Retired,10,211
845,Adam,Allen,1993-10-22,2024-01-08,Retired,6,218
846,Jeffrey,Dean,1996-07-14,2023-05-30,Reserve,10,202
847,John,Smith,1990-06-13,2019-12-08,Active,9,217
848,Catherine,Ochoa,1989-07-13,2024-01-09,Active,3,215
849,James,Bennett,1982-03-10,2022-09-14,Active,5,210
850,David,Arnold,1991-11-03,2022-08-22,Retired,9,204
851,Jesse,Day,1989-10-28,2022-04-06,Active,2,201
852,Kayla,Padilla,2000-10-25,2021-11-13,Retired,7,203
853,Jennifer,Hudson,1980-04-01,2017-03-16,Retired,9,218
854,Julie,Lang,1997-03-02,2019-10-14,Reserve,5,209
855,Andrea,Collins,2004-08-01,2014-10-15,Retired,4,213
856,Cynthia,Fry,1979-06-04,2023-02-23,Retired,8,204
857,Karen,Lawrence,1988-11-09,2015-09-28,Reserve,5,218
858,William,Ford,1999-10-02,2021-07-09,Retired,6,218
859,Calvin,Andrews,1986-10-30,2011-10-16,Retired,1,205
860,Eric,Nguyen,1986-02-08,2014-07-22,Reserve,2,220
861,Jason,Hurley,2001-10-24,2024-01-25,Retired,7,217
862,Joshua,Ellis,1996-12-07,2016-09-29,Active,2,203
863,Maurice,Cline,2000-11-23,2011-09-20,Active,5,208
864,Julia,Hughes,1992-09-10,2013-02-25,Retired,3,210
865,Stephen,Hoffman,1987-11-28,2023-05-03,Retired,9,216
866,Melanie,Cortez,2002-09-12,2015-09-27,Reserve,5,205
867,Gregg,Perry,1984-08-20,2015-09-26,Retired,5,216
868,Shelby,Murphy,2002-10-27,2016-09-30,Reserve,7,209
869,Michael,Nicholson,1983-01-26,2024-10-30,Active,9,214
870,Abigail,Smith,1990-07-26,2015-05-23,Active,1,216
871,Ricky,Lee,1981-09-20,2012-07-31,Active,1,207
872,Riley,Carlson,1996-06-20,2022-12-30,Reserve,7,207
873,Cassandra,Fowler,1992-09-14,2011-04-17,Active,7,208
874,Carol,Wheeler,1999-01-12,2014-11-26,Retired,5,210
875,Ralph,Snyder,2003-08-04,2013-04-12,Retired,4,216
876,Kristopher,White,2004-07-04,2015-01-25,Active,5,213
877,Justin,White,1985-03-26,2017-10-08,Reserve,3,216
878,Joel,Cervantes,1993-02-26,2019-09-05,Retired,4,216
879,Todd,Miller,1992-10-26,2024-01-08,Active,7,219
880,Richard,Sanders,1993-04-10,2025-01-12,Retired,9,215
881,Taylor,Delacruz,1986-02-24,2013-11-10,Active,4,212
882,Lisa,Miller,1990-01-14,2021-10-05,Retired,3,204
883,Troy,Henderson,2000-11-16,2020-09-10,Retired,7,216
884,Christopher,Thompson,1983-09-11,2015-11-13,Active,5,209
885,Kathryn,Thompson,1997-02-20,2013-08-01,Retired,7,202
886,Melissa,Vance,1985-02-16,2021-08-08,Reserve,8,219
887,Sharon,Stevens,1981-12-21,2012-06-28,Active,10,212
888,Tammy,Huffman,1990-04-01,2013-07-15,Reserve,1,203
889,Sarah,Harris,2002-10-10,2010-08-14,Reserve,8,219
890,Angel,Mcdonald,1981-06-06,2015-05-10,Retired,5,220
891,Gary,Monroe,1989-09-22,2021-09-13,Active,9,201
892,Jonathan,Newton,1999-11-20,2021-09-09,Retired,7,210
893,Jill,Lucas,1992-11-28,2016-10-25,Active,6,213
894,Todd,Schroeder,1980-12-18,2020-03-07,Reserve,5,204
895,Michael,Henderson,1993-07-13,2025-03-26,Reserve,10,213
896,Amy,Gonzalez,1992-12-28,2010-08-08,Retired,3,204
897,Brandon,Lloyd,1996-08-10,2012-11-12,Reserve,2,209
898,Norma,Colon,1992-05-13,2013-11-12,Reserve,5,204
899,Samantha,Davis,1992-10-22,2014-09-18,Active,5,202
900,Janet,Brown,1986-07-20,2015-08-08,Retired,9,202
901,Mark,Stevens,2004-06-09,2021-02-10,Retired,5,219
902,Justin,Bernard,1991-11-08,2018-10-17,Retired,1,211
903,David,Adams,2001-04-23,2013-08-15,Reserve,8,209
904,Luis,Henderson,1992-09-17,2019-02-11,Active,4,212
905,Carolyn,Smith,2000-01-20,2022-05-09,Retired,6,216
906,Brandon,Miller,1982-06-23,2021-02-12,Reserve,6,214
907,John,Collins,1981-06-08,2014-10-25,Reserve,2,214
908,Chelsea,Guerrero,1983-12-28,2017-04-20,Active,5,208
909,Austin,Graham,1994-03-02,2015-06-26,Retired,10,208
910,Richard,Alexander,1993-12-15,2012-06-01,Retired,2,209
911,Julie,Gonzales,1996-03-15,2015-04-03,Active,7,217
912,Kimberly,Tran,1984-07-05,2016-09-23,Reserve,5,219
913,Mary,Macdonald,1979-12-21,2023-02-13,Retired,5,207
914,Juan,Frey,1985-03-11,2023-08-28,Active,8,209
915,Melissa,Castaneda,1986-03-27,2022-11-01,Reserve,2,209
916,Kelly,Espinoza,1980-08-05,2022-07-04,Retired,1,218
917,Gary,Rivera,1987-11-30,2019-12-25,Retired,8,213
918,Veronica,Callahan,2000-03-07,2018-04-09,Active,5,206
919,Elizabeth,Page,1980-09-21,2019-06-19,Reserve,3,203
920,Eric,Barrera,1987-09-26,2021-08-06,Reserve,8,217
921,Steve,Sanchez,1997-12-14,2014-12-21,Active,4,217
922,Kristi,Elliott,1995-01-15,2024-12-19,Reserve,3,206
923,Yesenia,Ibarra,1983-01-01,2018-01-28,Reserve,2,218
924,Matthew,Williams,1996-03-10,2012-06-24,Reserve,5,218
925,Olivia,Richardson,2003-07-13,2011-07-06,Reserve,1,217
926,Nancy,Rowland,2003-10-29,2022-08-09,Retired,5,202
927,Ian,Evans,2004-09-09,2015-03-12,Active,5,219
928,Rhonda,Edwards,1987-10-19,2020-01-31,Retired,10,209
929,Tammy,Mack,1997-01-20,2013-02-05,Retired,4,214
930,Michael,Brown,1990-01-01,2020-03-09,Active,6,208
931,Lauren,Brady,1992-01-21,2024-03-28,Retired,10,211
932,Alex,Peterson,1989-09-21,2013-09-14,Active,9,215
933,Douglas,Salazar,1999-08-28,2023-09-10,Active,9,202
934,Jennifer,Price,1983-07-26,2016-05-02,Active,7,211
935,Eduardo,Jones,1983-03-06,2025-04-28,Reserve,5,210
936,Dylan,Reyes,1995-07-29,2024-09-20,Retired,3,208
937,Brandon,Summers,2001-10-23,2012-11-22,Active,5,212
938,Stephanie,Miller,1999-07-17,2013-12-27,Active,5,216
939,John,Schultz,1997-04-03,2018-04-02,Retired,9,219
940,Tyler,Russo,1987-06-26,2021-01-10,Active,4,211
941,Kimberly,Mcguire,1997-01-21,2010-11-21,Retired,10,208
942,Dominique,Duncan,1994-03-08,2018-10-04,Active,1,205
943,Timothy,Harris,1992-03-27,2024-09-20,Retired,5,217
944,Diana,Miller,1998-03-07,2025-04-05,Reserve,2,220
945,Maria,Sanchez,1991-02-19,2013-02-27,Active,2,205
946,Jackie,Jackson,2000-01-14,2014-12-22,Active,10,208
947,Megan,Harper,1987-12-08,2023-04-10,Reserve,7,218
948,Brenda,Fitzpatrick,2002-01-26,2012-04-13,Active,8,212
949,Robin,Bennett,2003-03-26,2012-06-13,Active,10,212
950,Michael,Clark,2002-08-06,2011-03-27,Retired,10,214
951,Eric,Wolfe,1992-07-17,2012-08-17,Retired,4,211
952,Amy,Williams,1984-04-29,2024-01-04,Active,10,206
953,Jeremy,Williams,1979-10-31,2023-02-22,Active,7,216
954,Lisa,Johnson,2004-07-18,2011-11-23,Reserve,6,204
955,Timothy,Daugherty,1997-05-07,2010-05-27,Reserve,4,220
956,Monica,Higgins,1984-09-02,2020-10-10,Reserve,9,208
957,Jason,Johnson,1999-10-05,2018-04-10,Retired,4,209
958,Grace,Macias,1985-11-18,2016-04-11,Reserve,1,219
959,Andre,Decker,2003-11-24,2011-12-08,Active,3,204
960,Thomas,Martin,1993-10-13,2012-10-31,Retired,5,207
961,Jeffery,Keller,2003-12-22,2015-02-27,Retired,10,201
962,Blake,Romero,1987-07-18,2011-10-26,Reserve,1,206
963,Gregory,Anderson,1981-05-18,2022-01-27,Reserve,4,217
964,Laura,Munoz,1988-10-09,2018-07-13,Active,9,212
965,Alan,Flores,1989-05-12,2023-01-09,Retired,7,209
966,Lee,Simpson,1986-10-12,2018-11-21,Active,1,217
967,Thomas,Johnson,1982-12-10,2012-04-04,Retired,8,217
968,David,Dean,1983-03-14,2011-04-26,Retired,5,219
969,Shane,Reynolds,1986-06-08,2010-07-05,Active,8,215
970,Daniel,Smith,1998-09-22,2014-12-18,Active,8,216
971,James,Harris,1991-02-27,2022-04-17,Active,9,202
972,Lauren,Kelly,1985-06-25,2016-08-04,Active,8,205
973,Rebecca,Gray,1983-01-08,2024-02-28,Reserve,6,217
974,Peter,King,2004-09-12,2022-05-30,Reserve,3,201
975,Christine,Baxter,2003-09-26,2019-10-05,Retired,1,201
976,Gregg,Hernandez,1987-05-06,2017-06-28,Active,1,214
977,Tina,Hamilton,2001-10-10,2023-03-17,Active,9,211
978,Noah,Clark,1998-06-04,2014-04-07,Retired,4,208
979,Tina,Clark,2001-04-17,2016-02-12,Reserve,4,203
980,Martin,Dunn,1993-08-11,2016-10-10,Active,9,218
981,Ian,Townsend,1986-08-20,2024-10-09,Retired,1,210
982,Thomas,Martin,1993-03-25,2012-12-30,Reserve,4,209
983,Christine,Martin,1979-09-17,2020-05-06,Reserve,3,204
984,Paula,Ware,1997-03-10,2014-02-08,Active,9,204
985,Michael,Anthony,1991-05-22,2018-08-09,Active,4,217
986,Mary,Jones,1989-02-03,2013-10-01,Reserve,7,201
987,Samuel,Rose,1986-04-07,2012-12-04,Reserve,4,207
988,Juan,Dominguez,1994-08-09,2018-06-19,Active,8,213
989,Daniel,Delgado,1992-06-02,2022-09-18,Reserve,5,214
990,Xavier,Washington,1989-01-27,2020-04-04,Active,7,218
991,Sandra,Long,1994-07-03,2016-02-22,Retired,3,215
992,Denise,Schwartz,1992-11-06,2025-03-12,Active,4,211
993,Laura,Gomez,1999-12-24,2010-12-01,Active,10,216
994,Catherine,White,1987-12-12,2021-11-18,Reserve,10,215
995,William,Stevenson,1992-07-24,2019-01-06,Reserve,8,214
996,Angela,Green,1980-11-22,2018-01-11,Active,1,205
997,Noah,Rogers,2000-02-25,2011-02-27,Active,7,204
998,Kevin,Carlson,2003-03-06,2024-10-04,Active,9,218
999,Cody,Moore,1997-12-17,2024-04-06,Active,5,220
1000,Michael,Smith,1998-02-28,2020-05-22,Reserve,4,210
1001,Alexander,Herring,1995-04-09,2019-03-13,Reserve,8,209
1002,Lauren,Drake,1989-12-25,2018-12-27,Reserve,2,205
1003,Christopher,Estes,1992-10-03,2018-09-03,Reserve,6,219
1004,Manuel,Holder,1981-07-14,2019-10-07,Retired,4,205
1005,Nicholas,Rios,1991-09-29,2017-10-03,Active,1,211
1006,Krystal,Watkins,1999-01-04,2017-07-25,Retired,4,203
1007,James,Warren,1987-08-05,2023-02-14,Active,8,208
1008,Susan,Gibson,1999-12-03,2018-10-29,Active,2,209
1009,Brian,Parker,1983-08-03,2010-12-08,Retired,1,220
1010,John,Johnson,1993-04-02,2015-11-09,Reserve,9,201
1011,Carmen,Rodriguez,1989-04-03,2018-03-03,Active,7,216
1012,Gabriel,Smith,1988-02-19,2020-12-03,Active,4,217
1013,Kayla,King,1997-07-07,2025-03-17,Active,5,212
1014,Jessica,Sanchez,1985-02-19,2022-08-09,Retired,2,203
1015,Jeanette,Lucas,1981-08-03,2024-12-25,Reserve,4,204
1016,John,Nguyen,1981-07-16,2011-03-01,Reserve,9,201
1017,Penny,Powell,1985-02-03,2012-11-05,Active,2,207
1018,Morgan,Medina,1987-06-30,2024-12-27,Active,8,219
1019,Curtis,Benton,2001-03-01,2012-02-23,Active,7,205
1020,Michael,Thomas,1982-01-24,2014-04-20,Reserve,8,215
1021,Alison,Robinson,1997-12-28,2015-07-07,Retired,3,216
1022,Theresa,Sandoval,2001-07-02,2011-08-07,Active,2,201
1023,Douglas,Downs,2002-02-18,2016-02-23,Reserve,10,219
1024,Dillon,Mayo,1986-05-11,2017-04-26,Retired,2,217
1025,Derek,Baxter,1986-07-23,2024-12-13,Retired,7,201
1026,Jessica,Hester,1999-05-27,2024-08-02,Retired,1,209
1027,Sarah,Huang,2005-04-16,2023-11-12,Retired,10,220
1028,Cody,Avila,1997-08-05,2019-01-01,Retired,10,215
1029,Timothy,Sullivan,2003-05-16,2017-06-03,Retired,4,213
1030,Miranda,Carter,1990-09-25,2010-11-12,Reserve,3,205
1031,Frances,Phillips,1998-06-13,2011-09-30,Active,4,205
1032,Brittany,Griffin,1987-11-08,2010-05-31,Reserve,5,217
1033,Janet,Molina,1997-05-21,2017-02-08,Active,10,217
1034,Brian,Stephens,1992-07-23,2010-12-25,Retired,5,217
1035,Paul,Reyes,1990-02-25,2017-04-14,Active,1,209
1036,Nicole,Gray,1993-01-23,2010-08-31,Retired,7,210
1037,Dan,Watkins,1985-05-17,2018-05-27,Active,5,203
1038,Kevin,Johnson,2000-05-24,2023-02-21,Reserve,4,215
1039,Linda,Morton,1983-08-20,2021-08-10,Active,10,210
1040,Daniel,Montoya,1999-01-05,2016-09-08,Retired,5,214
1041,David,Stevenson,1990-10-01,2015-05-23,Reserve,4,202
1042,Betty,Ayala,1998-02-04,2015-10-09,Reserve,10,215
1043,Miranda,Burns,1987-06-19,2025-04-15,Active,1,220
1044,Amanda,Moore,1981-08-26,2013-11-08,Reserve,8,203
1045,Jennifer,Pruitt,1993-04-25,2022-02-19,Retired,9,215
1046,Jennifer,Hughes,1980-09-03,2018-11-20,Retired,7,213
1047,Benjamin,Richardson,1983-01-17,2025-01-03,Active,10,214
1048,Sarah,Hicks,1979-07-25,2025-01-11,Active,5,206
1049,Ryan,Smith,1992-07-14,2019-06-10,Active,6,205
1050,Steven,Farmer,2001-12-28,2018-03-26,Reserve,7,220
1051,Brian,Sanchez,2003-02-11,2017-04-03,Retired,8,209
1052,Brandon,Jones,1983-06-11,2018-12-02,Active,10,210
1053,Cole,Garcia,1987-03-24,2020-11-27,Active,4,206
1054,Keith,Todd,1997-02-07,2020-10-01,Retired,3,204
1055,Ashley,Goodwin,1980-01-20,2014-09-05,Active,6,204
1056,Thomas,Miller,1992-08-27,2022-04-14,Retired,2,206
1057,Renee,Clay,1986-10-13,2021-05-19,Reserve,4,206
1058,Amy,Compton,1999-12-09,2023-09-18,Reserve,10,215
1059,Jon,Ross,1985-01-15,2013-04-23,Active,7,214
1060,Sarah,Murray,1993-01-16,2019-11-28,Reserve,8,217
1061,James,Schultz,1990-05-03,2010-12-04,Reserve,2,218
1062,Elizabeth,Stewart,1988-11-04,2023-06-24,Reserve,6,208
1063,Sean,Lee,2000-08-20,2017-10-12,Retired,7,216
1064,Antonio,Thomas,1999-12-27,2020-12-27,Active,3,213
1065,Cory,Ramirez,1997-07-26,2019-09-06,Active,3,206
1066,Kara,Shea,1992-10-16,2024-01-26,Active,3,212
1067,Colleen,Duarte,1982-02-18,2013-04-29,Retired,2,215
1068,Natalie,Castro,1982-08-19,2021-05-10,Reserve,9,212
1069,Ricky,Castillo,1979-07-04,2016-06-07,Reserve,2,201
1070,Teresa,Miller,1991-07-16,2020-09-14,Reserve,5,203
1071,Elizabeth,Esparza,1995-05-20,2022-11-16,Reserve,4,219
1072,Ryan,Wilson,1995-05-09,2017-04-01,Retired,1,211
1073,Jason,Wade,1982-04-19,2011-09-08,Retired,2,216
1074,David,Garcia,1983-02-03,2019-08-25,Active,4,208
1075,Rhonda,Murray,1995-02-25,2010-06-01,Active,5,202
1076,Luis,Hicks,1999-03-13,2013-08-22,Retired,6,206
1077,Heather,Davidson,1995-07-31,2014-10-03,Active,7,206
1078,Christopher,Kirby,1996-05-10,2018-10-10,Active,7,206
1079,Susan,Terrell,2001-05-05,2013-05-27,Active,2,202
1080,Timothy,Morris,1980-11-01,2014-02-19,Retired,1,210
1081,Carolyn,Mccann,1981-04-18,2019-06-01,Retired,7,209
1082,Taylor,Powers,1982-08-02,2025-02-12,Reserve,5,219
1083,Shelby,Mack,1985-07-20,2017-01-16,Active,5,220
1084,Nathan,Morales,1998-08-12,2015-10-13,Reserve,8,201
1085,Lisa,Murphy,2000-11-29,2015-11-27,Reserve,9,210
1086,Devin,Schmitt,2005-01-06,2011-02-13,Retired,8,209
1087,Raven,Martin,1979-07-01,2012-06-26,Retired,3,220
1088,Erin,Beck,2001-01-25,2023-11-03,Reserve,7,216
1089,Brian,Harris,1981-05-14,2014-03-11,Reserve,1,214
1090,Kristen,Macdonald,1994-12-27,2023-08-07,Retired,9,220
1091,Shannon,Stephenson,1988-03-29,2017-03-18,Retired,6,218
1092,Mathew,Sherman,1985-05-17,2017-08-14,Active,4,203
1093,Toni,Moore,1992-06-19,2021-08-22,Reserve,10,209
1094,Adrian,Mitchell,1989-12-08,2014-02-18,Active,4,202
1095,Crystal,Pratt,1988-01-13,2020-10-24,Reserve,1,204
1096,Charles,Silva,2001-04-23,2024-02-20,Reserve,5,207
1097,Gregory,Farley,2000-04-27,2019-03-25,Retired,1,205
1098,Raven,Wagner,2000-11-10,2020-02-21,Retired,2,201
1099,Beth,Harris,1996-07-21,2015-09-15,Retired,7,209
1100,Blake,Smith,2003-02-06,2012-01-26,Retired,4,202
